"Trends","Search volume","Started","Ended","Trend breakdown","Explore link"
"delhi capitals vs sunrisers hyderabad match scorecard","1M+","May 5, 2025 at 7:00:00 PM UTC+5:30",,"delhi capitals vs sunrisers hyderabad match scorecard,capitals vs sunrisers,t. natarajan,sunrisers hyderabad vs delhi capitals match scorecard,dc vs srh 2025,dc vs srh live score,delhi capitals vs sunrisers hyderabad timeline,sunrisers hyderabad vs delhi capitals,delhi capitals vs sunrisers hyderabad standings,delhi capitals vs sunrisers hyderabad,eshan malinga,dc versus srh,tristan stubbs,srh versus dc,sunrisers hyderabad vs delhi capitals standings,pat cummins,srh dc,sunrisers hyderabad vs delhi capitals timeline,dc v srh,srh v dc,dc vs,dc vs shr,rajiv gandhi international stadium,delhi versus hyderabad,rajiv gandhi international stadium weather,srh vs dc live score,shr vs dc,faf du plessis,delhi vs hyderabad,hyderabad,hyderabad weather today,sunrisers hyderabad,srh vs,weather in hyderabad,hyderabad versus delhi,dc vs srh 2025 scorecard,dc - srh,where to watch delhi capitals vs sunrisers hyderabad,delhi capitals,axar patel,hyderabad vs delhi,srh vsdc,capitals at sunrisers,where to watch sunrisers hyderabad vs delhi capitals,dc vssrh,hyderabad delhi,srh,capitals vs sunriser,rajiv gandhi international stadium pitch report,dc vs srh live,hyderabad stadium weather,lowest score in ipl,rajiv gandhi international stadium weather today,hyderabad weather now,sunrisers hyderabad vs delhi capitals players,jake fraser-mcgurk,srh vs dc live,dc vs hyd,rajiv gandhi international stadium hyderabad weather,ipl srh vs dc,srh vs dc dream11 prediction,delhi hyderabad,delhi-hyderabad match,srhvsdc,hrs vs dc,srh vs dc toss,फाफ डू प्लेसिस,srh vs dc 2024,t natarajan,dc vs hrs,rajiv gandhi stadium weather,ipl lowest score,sunrisers hyderabad vs delhi capitals match,srh vs dc pitch report,rain in hyderabad,stubbs,dc last match,srh last match,weather in hyderabad today,dc vs srh prediction,live weather,delhi vs hyderabad ipl 2025,lowest score in ipl 2025,dc last match scorecard,dc ipl,hyd vs delhi,dc vs srh toss,hyderabad rajiv gandhi stadium weather","https://trends.google.com/trends/explore?q=delhi%20capitals%20vs%20sunrisers%20hyderabad%20match%20scorecard&geo=IN&hl=en-US"
"mp board result 2025","500K+","May 5, 2025 at 1:00:00 PM UTC+5:30",,"mp board result 2025,mpbse,mp board 12th result 2025,cbse results 2025 class 10 cbse board,mp board result 2025 class 10,10th result mp board 2025,mpbse.mponline.gov.in-10th result,mpbse result 2025,mpbse.mponline.gov.in,mp board result 2025 class 12,mpboard nic in result 2025,mpbse.nic.in 2025 result,mpbse.nic.in 2025 admit card,mp board results 2025,mp board admit card 2025,mpresults.nic.in,result mp board 2025,admit card 2025 mp board,www.mpresults.nic.in 2025,mpresults,mp result 2025,mpbse.mponline.gov.in result 12th,mpresults nic in 2025 12th,jagran josh,jagran josh mp board result,class 10th result 2025 mp board,class 10th result 2025,mpresults.nic.in 2025,mpbse.mponline.gov.in admit card 2025,mp board result 2025 12th,mp board class 10th result 2025,12th result 2025 mp board,12th result mp board 2025,mpbse admit card 2025,mp board result 2025 10th,mp board class 12 result 2025,class 10 cbse result 2025,12th result 2025,result.mponline.gov.in,mpresults nic in 2025 10th,mp 10th board result 2025,mp board 2025 result,mp board class 10th result,board of secondary education madhya pradesh,10th mp board result 2025,mpresults nic in,mpbse 10th result 2025,mpbse.nic.in 2025 time table,class 12th result mp board 2025,12 th result mp board,mp board result 2025 link,mp board 10th result 2025 date,mp board result link,mponline result,12th mp board result 2025,www.jagranjosh.com 2025 result,class 10th mp board result,mpboard result,mp 12th result 2025,mp board result 2025 class 10 date,mp board 12 result 2025,mp board 10th 12th result 2025,mpbse result 2025 class 10,mpbse result 2025 date,mp board 12th result 2025 link,mpbse mponline gov in 10th result,mpbse mponline admit card,mp board result 2025 class 10 link,class 10th mp board result 2025,mp 10th result 2025,mpbse result 2025 class 12,madhya pradesh board of secondary education,mp board 12th result 2025 date,mp bse.nic.in admit card 2025,12th result mp board,board result 2025,mpbse.mponline.gov.in-12th result,12th mp board result date 2025,class 10 result 2025 mp board,hindustan result,class 12 result 2025 mp board,mpresults.nic.in 2024,mpbse 12th result 2025,10th result 2025 mp board,mp board result 2025 date,toi in mpbse result class 10,mpnic.in result 2025,application number 10th mp board,mp board result class 10th 2025,mp result 2025 class 10,mp board class 12th result,12 mp board result,mp board 10th class result,mp board result 2025 class 10th,mp board result 2025 10,mp board class 10th result date 2025,jagran josh result,live hindustan result 2025,mp board class 12th result 2025,class 12th result,mp board result class 10th,https //mpresults.nic.in 2025,mpresults.nic,mp board result link 2025,class 12th result 2025 mp board,mp board result 2025 12,mpbse online,mp board 12 result,mpbse.mponline.gov.in 2025,class 10th mp board result date 2025,result mp board 2025 class 10,result mp board 2025 class 12,mp board result 12,sarkari result cbse board 2025,mp board admit card 2025 12th,mpresults.nic.in,,mp board result 2025 check,mpbse.mponline.gov.in-10th result 2025,mp board result date 2025,10 th result,mpresults nic,class 12th mp board result,class 10 result,mp board 2025 result date,mp board result 2025 class 12th,mpbse result class 10,toi in mpbse result,mpbse result class 12,jagranjosh,mp board class 10 result 2025,mpresult.nic.in,mp results,class 12 mp board result,www-mpresults-nic-in 2025,mp board result website,application number mpbse,mpbse 2025 result,12 mp board result date 2025,mpbse results nic in 2025,mp board result date,mpresults.nic.in.,mpresults-nic-in 2025,mponline.gov.in,class 12th mp board result 2025,mpresult.nic,mp board result check 2025,12th result date 2025 mp board,mp board 10th result 2025 link,mp board class 10 result,mp board class 12 result,10th 12th mp board result,mp board official website,mpbse board result 2025,12 board result date 2025","https://trends.google.com/trends/explore?q=mp%20board%20result%202025&geo=IN&hl=en-US"
"mpbse mponline gov in result","200K+","May 6, 2025 at 6:50:00 AM UTC+5:30",,"mpbse mponline gov in result,mpbse.mponline.gov.in result,mpbse result,mpbse nic in,mp board result,mp board,mpbse mponline,mpbse.nic.in,https //mpbse.mponline.gov.in result,mpbse.nic.in पर चेक करें,mpresults nic in 2025,10th result mp board,mp बोर्ड रिजल्ट 2025,mp board 10th result,mp result,12th mp board result,mp board 12th result,mponline,mp online,www.mpbse.nic.in,mpresults.nic.in / mpbse.nic.in 2025,sarkari result mp board 2025,एमपी बोर्ड रिजल्ट,mp board result 10th,mpbse.nic.in result,mp result nic,mp board result 12th,mp board result 10th 2025,www.jagranjosh.com 2025,mp online भोपाल, मध्य प्रदेश,mp bse,mpbse nic in 2025,mp result nic in 2025,www.mpbse.nic.in 2025,mpbse.nic,एमपी बोर्ड रिजल्ट 2025,jagran josh result 2025,mp.nic.in result,mp board 2025,10th mp board result,10वीं ऑनलाइन रिजल्ट (mp),mp online result,mpbse nic in result 2025,mponline mpbse,mp board 10th 12th result,कक्षा 10वीं का रिजल्ट 2025,mpbse mponline gov in result 2025,एमपीबीएसई परीक्षा कक्षा 12,माध्यमिक शिक्षा मंडल मध्य प्रदेश,mp bord result,एमपी बोर्ड,mp board result 2025 live,mpbse nic in पर चेक करें,https //mpbse.mponline.gov.in,mp board result 2025 kab aayega,mpbse.nic.in,,mpbse-nic-in 2025,mpbse.mponline,mp 10th result,mp बोर्ड रिजल्ट 2025 kab aayega,mpbse.nic.in, mpbse.mponline.gov.in,dasvin ka result,माध्यमिक शिक्षा मंडल, मध्य प्रदेश,mp board result 2025 class 8,mp nic in result 2025,एमपी बोर्ड 10वीं का रिजल्ट,https //mpbse.mponline.gov.in result 2025,mpbse mp online,mp board results,एमपी बोर्ड 10वीं का रिजल्ट 2025,mpbse.nic.in mpresults.nic.in,mp board result check,mpbse.mponline.gov.in result 2025,mp बोर्ड रिजल्ट 2025 क्लास 10,mpresults.nic.in, mpbse.nic.in,एमपीबीएसई,10वीं ऑनलाइन रिजल्ट mp,mpbse.nic.in पर चेक करें admit card,mpbse 2025,कक्षा 10वीं का रिजल्ट,mpbse nic in result,mpbse.nic.,hindustan result 2025,12वीं का रिजल्ट,mp बोर्ड रिजल्ट,10th ka result,mp board online,mpbse. nic. in,mponline.gov.in result,mp board result 2024,एमपी रिजल्ट,mpbse.nic.in.,hindustan result 2024,mp bord result 2025,mp bse.nic.in,mpbse mponline gov in,mpbse.,mp board nic in,https mpbse mponline gov in result,एमपी रिजल्ट 2025,mp.nic.in result 2025,mpbse nic,mpbse.nic.in result 2025,mp board result 10th class,mp board ka result,एमपी बोर्ड कक्षा 12वीं का रिजल्ट,www-mpbse-nic-in 2025,mpbse.nic.in, mpbse.mponline.gov.in और mpresults.nic.in,cg board result 2025,10th result mp board 2025,mpresults.nic.in","https://trends.google.com/trends/explore?q=mpbse%20mponline%20gov%20in%20result&geo=IN&hl=en-US"
"mock drill","50K+","May 5, 2025 at 6:40:00 PM UTC+5:30",,"mock drill,mha,ministry of home affairs,war mock drill,india pakistan war,mock drill news,war drill,india pakistan war news,mha mock drill,blackout in india,7th may mock drill,244 civil defence district,india war,war news,india pakistan latest news,civil defence,in","https://trends.google.com/trends/explore?q=mock%20drill&geo=IN&hl=en-US"
"dc बनाम srh","100K+","May 5, 2025 at 7:20:00 PM UTC+5:30",,"dc बनाम srh,डीसी वि srh,दिल्ली कैपिटल्स बनाम सनराइजर्स हैदराबाद के मैच का स्कोरकार्ड,कैपिटल्स बनाम सनराइजर्स,srh बनाम dc,आशुतोष शर्मा,srh va dc,सनराइजर्स हैदराबाद बनाम दिल्ली कैपिटल्स के मैच का स्कोरकार्ड,hyd vs dc,dc va srh,rajiv gandhi international stadium pitch report in hindi,मिचेल स्टार्क","https://trends.google.com/trends/explore?q=dc%20%E0%A4%AC%E0%A4%A8%E0%A4%BE%E0%A4%AE%20srh&geo=IN&hl=en-US"
"multan sultans vs peshawar zalmi","50K+","May 5, 2025 at 8:00:00 PM UTC+5:30",,"multan sultans vs peshawar zalmi,shahid aziz,multan sultans vs peshawar zalmi match scorecard,ms vs pes,saim ayub,psl points table,multan sultans vs peshawar zalmi live,psl points table 2025","https://trends.google.com/trends/explore?q=multan%20sultans%20vs%20peshawar%20zalmi&geo=IN&hl=en-US"
"pawandeep rajan","20K+","May 5, 2025 at 1:00:00 PM UTC+5:30",,"pawandeep rajan,pawandeep rajan accident news","https://trends.google.com/trends/explore?q=pawandeep%20rajan&geo=IN&hl=en-US"
"sachin baby","50K+","May 5, 2025 at 6:30:00 PM UTC+5:30",,"sachin baby,सचिन बेबी","https://trends.google.com/trends/explore?q=sachin%20baby&geo=IN&hl=en-US"
"met gala 2025 theme","20K+","May 6, 2025 at 12:50:00 AM UTC+5:30",,"met gala 2025 theme,met gala theme 2025,met gala theme,dandyism,theme of met gala 2025,mo,black dandy,suits","https://trends.google.com/trends/explore?q=met%20gala%202025%20theme&geo=IN&hl=en-US"
"crystal palace vs nottm forest","20K+","May 5, 2025 at 11:40:00 PM UTC+5:30",,"crystal palace vs nottm forest,crystal palace,nottingham forest,crystal palace vs nottingham forest","https://trends.google.com/trends/explore?q=crystal%20palace%20vs%20nottm%20forest&geo=IN&hl=en-US"
"goundamani","20K+","May 5, 2025 at 12:40:00 PM UTC+5:30",,"goundamani,goundamani wife","https://trends.google.com/trends/explore?q=goundamani&geo=IN&hl=en-US"
"urvil patel","20K+","May 5, 2025 at 5:00:00 PM UTC+5:30",,"urvil patel","https://trends.google.com/trends/explore?q=urvil%20patel&geo=IN&hl=en-US"
"tcs senior employees variable pay cut","10K+","May 5, 2025 at 8:40:00 PM UTC+5:30",,"tcs senior employees variable pay cut,tcs variable pay","https://trends.google.com/trends/explore?q=tcs%20senior%20employees%20variable%20pay%20cut&geo=IN&hl=en-US"
"genoa vs milan","20K+","May 5, 2025 at 11:20:00 PM UTC+5:30",,"genoa vs milan,ac milan,genoa vs ac milan,milan","https://trends.google.com/trends/explore?q=genoa%20vs%20milan&geo=IN&hl=en-US"
"kerala plus one improvement exam result","20K+","May 5, 2025 at 7:30:00 PM UTC+5:30",,"kerala plus one improvement exam result,+1 improvement result,keralaresults-nic-in,dhse improvement result 2025,dhse kerala,plus one result 2025,plus one improvement result,plus one improvement result 2025 kerala,dhse result 2025,keralaresults nic in 2025,dhse result,plus one improvement result date 2025,plus one improvement result 2025 date,keralaresults-nic-in 2025,result. kerala. gov. in,kerala plus one improvement result 2025,kerala result nic,dhse first year improvement result 2025,keralaresults.nic.in 2025,improvement result 2025 date,hse.kerala.gov.in 2025,results.hse.kerala.gov.in.,dhse plus one improvement result 2025,+1 improvement exam result,keralaresults.nic.in.","https://trends.google.com/trends/explore?q=kerala%20plus%20one%20improvement%20exam%20result&geo=IN&hl=en-US"
"mbose hsslc result 2025 meghalaya","20K+","May 5, 2025 at 1:30:00 PM UTC+5:30",,"mbose hsslc result 2025 meghalaya,mbse result 2025,mbse,mbse result,meghalaya mbose hsslc result 2025","https://trends.google.com/trends/explore?q=mbose%20hsslc%20result%202025%20meghalaya&geo=IN&hl=en-US"
"gautam adani","10K+","May 5, 2025 at 4:50:00 PM UTC+5:30",,"gautam adani,adani power","https://trends.google.com/trends/explore?q=gautam%20adani&geo=IN&hl=en-US"
"pawandeep","10K+","May 5, 2025 at 1:50:00 PM UTC+5:30",,"pawandeep","https://trends.google.com/trends/explore?q=pawandeep&geo=IN&hl=en-US"
"what is met gala","10K+","May 6, 2025 at 6:30:00 AM UTC+5:30",,"what is met gala,shah rukh khan,diljit dosanjh met gala,srk met gala,srk,sabyasachi,bollywood","https://trends.google.com/trends/explore?q=what%20is%20met%20gala&geo=IN&hl=en-US"
"united nations","5K+","May 6, 2025 at 10:20:00 AM UTC+5:30",,"united nations,unsc","https://trends.google.com/trends/explore?q=united%20nations&geo=IN&hl=en-US"
"sumitomo mitsui yes bank","20K+","May 6, 2025 at 10:30:00 AM UTC+5:30",,"sumitomo mitsui yes bank,yes bank share,yes bank,yes bank share price,smbc yes bank,yes bank news,smbc","https://trends.google.com/trends/explore?q=sumitomo%20mitsui%20yes%20bank&geo=IN&hl=en-US"
"kiara advani","5K+","May 6, 2025 at 3:40:00 AM UTC+5:30",,"kiara advani,kiara advani met gala debut,aishwarya rai","https://trends.google.com/trends/explore?q=kiara%20advani&geo=IN&hl=en-US"
"earth atmosphere","2K+","May 6, 2025 at 8:40:00 AM UTC+5:30",,"earth atmosphere","https://trends.google.com/trends/explore?q=earth%20atmosphere&geo=IN&hl=en-US"
"skype","5K+","May 5, 2025 at 1:40:00 PM UTC+5:30",,"skype,microsoft teams","https://trends.google.com/trends/explore?q=skype&geo=IN&hl=en-US"
"thunder vs nuggets","5K+","May 6, 2025 at 7:00:00 AM UTC+5:30",,"thunder vs nuggets,shai gilgeous-alexander,2024","https://trends.google.com/trends/explore?q=thunder%20vs%20nuggets&geo=IN&hl=en-US"
"rahul vaidya","5K+","May 5, 2025 at 10:20:00 PM UTC+5:30",,"rahul vaidya","https://trends.google.com/trends/explore?q=rahul%20vaidya&geo=IN&hl=en-US"
"jayanagar","5K+","May 5, 2025 at 9:10:00 PM UTC+5:30",,"jayanagar","https://trends.google.com/trends/explore?q=jayanagar&geo=IN&hl=en-US"
"mp","2K+","May 6, 2025 at 9:20:00 AM UTC+5:30",,"mp","https://trends.google.com/trends/explore?q=mp&geo=IN&hl=en-US"
"sitare zameen par","10K+","May 5, 2025 at 12:50:00 PM UTC+5:30",,"sitare zameen par,sitaare zameen par,aamir khan","https://trends.google.com/trends/explore?q=sitare%20zameen%20par&geo=IN&hl=en-US"
"ather share price","5K+","May 6, 2025 at 9:20:00 AM UTC+5:30",,"ather share price,ather energy,ather energy share price nse today,ather,ather energy ipo,ather ipo","https://trends.google.com/trends/explore?q=ather%20share%20price&geo=IN&hl=en-US"
"admit card 2025","2K+","May 6, 2025 at 9:50:00 AM UTC+5:30",,"admit card 2025","https://trends.google.com/trends/explore?q=admit%20card%202025&geo=IN&hl=en-US"
"royals vs white sox","2K+","May 6, 2025 at 9:50:00 AM UTC+5:30",,"royals vs white sox","https://trends.google.com/trends/explore?q=royals%20vs%20white%20sox&geo=IN&hl=en-US"
"zhao xintong world snooker championship","2K+","May 6, 2025 at 7:00:00 AM UTC+5:30",,"zhao xintong world snooker championship","https://trends.google.com/trends/explore?q=zhao%20xintong%20world%20snooker%20championship&geo=IN&hl=en-US"
"tn 12th result 2025","5K+","May 6, 2025 at 6:40:00 AM UTC+5:30",,"tn 12th result 2025,tnresults-nic-in,tn results,tn results 2025,tn 12th public exam result date 2025,plus two result 2025","https://trends.google.com/trends/explore?q=tn%2012th%20result%202025&geo=IN&hl=en-US"
"digilocker cbse result","5K+","May 6, 2025 at 10:30:00 AM UTC+5:30",,"digilocker cbse result,cbse result 2025 check online,10 cbse result 2025,cbse 12 result 2025 date,result cbse nic in,cbse 12th result,12th public exam result 2025,10th result date 2025 cbse,+2 result date 2025,10th hsc result 2025,12th cbse result 2025","https://trends.google.com/trends/explore?q=digilocker%20cbse%20result&geo=IN&hl=en-US"
"mumbai weather","2K+","May 5, 2025 at 6:40:00 PM UTC+5:30",,"mumbai weather,thunderstorm","https://trends.google.com/trends/explore?q=mumbai%20weather&geo=IN&hl=en-US"
"ajay rai","2K+","May 6, 2025 at 3:10:00 AM UTC+5:30",,"ajay rai,अजय राय","https://trends.google.com/trends/explore?q=ajay%20rai&geo=IN&hl=en-US"
"diljit dosanjh","2K+","May 6, 2025 at 7:00:00 AM UTC+5:30",,"diljit dosanjh,punjabi","https://trends.google.com/trends/explore?q=diljit%20dosanjh&geo=IN&hl=en-US"
"rihanna","1K+","May 6, 2025 at 7:50:00 AM UTC+5:30",,"rihanna,no","https://trends.google.com/trends/explore?q=rihanna&geo=IN&hl=en-US"
"anna wintour","2K+","May 5, 2025 at 10:00:00 PM UTC+5:30",,"anna wintour","https://trends.google.com/trends/explore?q=anna%20wintour&geo=IN&hl=en-US"
"mitchell owen punjab kings","1K+","May 6, 2025 at 9:50:00 AM UTC+5:30",,"mitchell owen punjab kings","https://trends.google.com/trends/explore?q=mitchell%20owen%20punjab%20kings&geo=IN&hl=en-US"
"pope francis cardinals","2K+","May 5, 2025 at 11:00:00 PM UTC+5:30",,"pope francis cardinals","https://trends.google.com/trends/explore?q=pope%20francis%20cardinals&geo=IN&hl=en-US"
"fast result","1K+","May 6, 2025 at 10:10:00 AM UTC+5:30",,"fast result","https://trends.google.com/trends/explore?q=fast%20result&geo=IN&hl=en-US"
"12th state board result date 2025","100K+","May 6, 2025 at 7:00:00 AM UTC+5:30",,"12th state board result date 2025,maharashtra,result,hscresult mahahsscboard in,maharashtra hsc board 12th result,maharashtra hsc result,hsc result 2025 maharashtra board hsc,maharesult.nic.in hsc,mahahsscboard.in,hsc board result 2025 date,maharashtra state board result 2025,12 hsc result 2025 date,12 hsc result,msbshse,maharashtra board result,12th result 2025 maharashtra board date,mkcl,maharashtra board,hsc results,mahresult,12th result link 2025,hsc 12th result,mkcl hsc result 2025,hsc result 2025 maharashtra board time table,hsc maharashtra board result 2025,mahresult nic in 2025,maharashtra ssc result 2025,mahahscboard.in,hscresult.mkcl.org,maharashtra 12th result 2025,hsc result 2025 maharashtra board link,mkcl hsc result,hscresult,https //mahahsscboard.in,ssc,www.mahahsscboard.in,maharesult.nic.in hsc result 2025,maha hsc result,hsc results 2025,mahahsscboard.in 2025,hsc result link 2025,maharashtra hsc result 2025 link,12 th result link,ssc board,12 result 2025 date maharashtra board,hscresult.mahahsscboard.in,mahresult.nic.in 2025 ssc,ssc board result 2025,state board 12th result 2025,hsc result 2024 maharashtra board,maharashtra result,maha hsc result 2025,hsc result link 2025 maharashtra board,mahresult nic in 2025 hsc,+1 result,hsc result 2024,mahresult.nic.in.,hsc board result link,maharashtra board hsc result 2025,www.maharesult.nic.in 2025,hsc result date 2025 maharashtra board,hsc 12th result date 2025,mahahsscboard.in.,hsc result 2025 link maharashtra board,maharesult.nic.in,hsc board result 2025 link,https results digilocker gov in,https //mahresult.nic.in,12th hsc result date,hsc result website,hsc result maharashtra,msbshse hsc result 2025,maha result,https //mahresult.nic.in/ 2025,12th hsc result 2025 date maharashtra board,maharashtra hsc result 2025 date,mahresult.nic.in,,www.mahresult.nic.in 2025 hsc,hsc result date 2025 link,ssc result maharashtra board,12th maharashtra board result date 2025,maharashtra hsc result 2024,hsc result 2025 maharashtra board date,mahresult nic in 2025 hsc result,hsc result 2025 website,mahahsscboard.in hscresult.mkcl.org,ssc result 2025 maharashtra board date,12th hsc result link,mahresult nic in hsc result,hsc result 2025 12th,12th board result link,maharashtra state board result,mahahsscboard.in, hscresult.mkcl.org,mahahsscboard.maharashtra.gov.in mahresult.nic.in,12th maharashtra board result,www.mahresult.nic.in hsc,hsc.maharesult.nic.in 2025,mharesult.nic.in 2025 hsc,12th hsc result 2025 maharashtra board,maharashtra state board of secondary and higher secondary education,www-mahahsscboard-in 2025,12th hsc result 2025 link maharashtra board,maharashtra state board hsc result 2025,www mahahsscboard in 2025,result 12th,how to check hsc result,hsc maharashtra board,12 th result maharashtra,12th results,mahresult-nic-in 2025,result hsc,12th result link 2025 maharashtra board,12 th result date 2025 maharashtra board link,12th result check,maharashtra hsc board,mahresult-nic-in,result link,12th hsc result 2025 date,hssc result,mahresult.nic,maha result 2025,maharesult.nic.in 2025 hsc result,maharashtra board 12th result 2025,hsc exam result,12th ssc result 2025 date,hsc result date,hsc maharashtra result,maharashtra state board 12th result,maha.nic.in hsc result 2025,12th ka result,hsc 2025,12 vi result 2025,hsc result 2025 time,mahahsscboard in result,hscresult.mkcl.org,,12th result maharashtra board link,hsc 2025 result link,ssc maharashtra board result 2025,hsc result mkcl org 2025,state board result,maharashtra board hsc","https://trends.google.com/trends/explore?q=12th%20state%20board%20result%20date%202025&geo=IN&hl=en-US"
"cuet ug exam schedule 2025","5K+","May 6, 2025 at 7:40:00 AM UTC+5:30",,"cuet ug exam schedule 2025,cuet ug,cuet.nta.nic.in 2025,cuet admit card 2025 release date,cuet city intimation slip 2025","https://trends.google.com/trends/explore?q=cuet%20ug%20exam%20schedule%202025&geo=IN&hl=en-US"
"coforge share price","2K+","May 6, 2025 at 9:20:00 AM UTC+5:30",,"coforge share price,coforge","https://trends.google.com/trends/explore?q=coforge%20share%20price&geo=IN&hl=en-US"
"taimoor nagar","500+","May 6, 2025 at 9:50:00 AM UTC+5:30",,"taimoor nagar","https://trends.google.com/trends/explore?q=taimoor%20nagar&geo=IN&hl=en-US"
"bie.ap.gov.in 2025 hall ticket","500+","May 6, 2025 at 11:10:00 AM UTC+5:30",,"bie.ap.gov.in 2025 hall ticket","https://trends.google.com/trends/explore?q=bie.ap.gov.in%202025%20hall%20ticket&geo=IN&hl=en-US"
"hindustan","500+","May 6, 2025 at 10:30:00 AM UTC+5:30",,"hindustan","https://trends.google.com/trends/explore?q=hindustan&geo=IN&hl=en-US"
"windsurf","200+","May 6, 2025 at 10:40:00 AM UTC+5:30",,"windsurf","https://trends.google.com/trends/explore?q=windsurf&geo=IN&hl=en-US"
"thrissur pooram","2K+","May 5, 2025 at 11:50:00 AM UTC+5:30",,"thrissur pooram","https://trends.google.com/trends/explore?q=thrissur%20pooram&geo=IN&hl=en-US"
"jaisalmer viral video","1K+","May 5, 2025 at 10:30:00 PM UTC+5:30",,"jaisalmer viral video","https://trends.google.com/trends/explore?q=jaisalmer%20viral%20video&geo=IN&hl=en-US"
"kkr vs csk","1K+","May 6, 2025 at 5:20:00 AM UTC+5:30",,"kkr vs csk","https://trends.google.com/trends/explore?q=kkr%20vs%20csk&geo=IN&hl=en-US"
"7 मई मॉक ड्रिल","1K+","May 6, 2025 at 7:30:00 AM UTC+5:30",,"7 मई मॉक ड्रिल,7th may","https://trends.google.com/trends/explore?q=7%20%E0%A4%AE%E0%A4%88%20%E0%A4%AE%E0%A5%89%E0%A4%95%20%E0%A4%A1%E0%A5%8D%E0%A4%B0%E0%A4%BF%E0%A4%B2&geo=IN&hl=en-US"
"indians vs titans","2K+","May 5, 2025 at 9:40:00 PM UTC+5:30",,"indians vs titans,mumbai indians vs gujarat titans players","https://trends.google.com/trends/explore?q=indians%20vs%20titans&geo=IN&hl=en-US"
"indian hotels share price","1K+","May 6, 2025 at 9:20:00 AM UTC+5:30",,"indian hotels share price","https://trends.google.com/trends/explore?q=indian%20hotels%20share%20price&geo=IN&hl=en-US"
"damson idris","200+","May 6, 2025 at 10:50:00 AM UTC+5:30",,"damson idris","https://trends.google.com/trends/explore?q=damson%20idris&geo=IN&hl=en-US"
"पेट्रोल","200+","May 6, 2025 at 11:00:00 AM UTC+5:30",,"पेट्रोल","https://trends.google.com/trends/explore?q=%E0%A4%AA%E0%A5%87%E0%A4%9F%E0%A5%8D%E0%A4%B0%E0%A5%8B%E0%A4%B2&geo=IN&hl=en-US"